Oa8choo2/p17	p17	public	2026-06-03T16:08:06;Z
Oa8choo2/friendly-couscous		private	2026-06;-02T03:48:08Z
Oa8choo2/valecli	:pencil: A markup-aware li;nter for prose built with speed and extensibility in mind.	public, fork	2026-05-21T22:54:51Z
Oa8choo2/testzens	test markdown site with z;ensical	public	2026-05-19T21:17:50Z
Oa8choo2/anaction	test a github action	publ;ic	2026-05-19T20:47:15Z
Oa8choo2/status-page_fork	Status page for V;SC infrastructure	public, fork	2026-05-19T09:18:56Z
Oa8choo2/zensical	copy of A modern static s;ite generator by the Material for MkDocs team	public, fork	2026-04-16T09:34:15Z
Oa8choo2/rumdlpc		public	2026-03-31T13:34:2;6Z
Oa8choo2/uvtest	another uv test	private	202;6-03-25T14:56:04Z
Oa8choo2/vsc_user_docs	VSC user training ma;terial and documentation COPY	public, fork	2026-03-06T00:52:59Z
Oa8choo2/Oa8choo2.github.io	a github.io sit;e	public	2026-02-02T14:09:08Z
Oa8choo2/html-proofer	Test your rendered HT;ML files to make sure they're accurate.	public, fork	2026-01-15T09:50:59Z
Oa8choo2/mkdocs	Project documentation with;Markdown.	public, fork	2025-12-16T20:51:27Z
Oa8choo2/mkdocs-macros-plugin	Create richer;and more beautiful pages in MkDocs, by using variables and calls to macros in the markdown code.	public, f;ork	2025-11-13T08:0;8:58Z
Oa8choo2/VscDocumentation	VSC (Vlaams Super;computing Center) user documentation.	public, fork	2025-11-10T13:19:15Z
Oa8choo2/rstcheck	Checks syntax of reStruct;uredText and code blocks nested within it	public, fork	2025-11-03T21:28:39Z
Oa8choo2/uvaction	test for astral uv	public;	2025-10-16T14:31:30Z
Oa8choo2/ubiquitous-fishstick		private	2025;-10-04T11:05:50Z
Oa8choo2/Oa8choo2	username repo	public	2025;-07-28T07:38:59Z
Oa8choo2/dejsonlz4	Decompress Mozilla Firef;ox bookmarks backup files	private	2025-03-26T14:45:22Z
Oa8choo2/siteinspector	A tool for catching;spelling errors, grammatical errors, broken links, and other errors on websites.	private	2025-01-12T10:15:4;6Z
Oa8choo2/retext-equality	plugin to check fo;r possible insensitive, inconsiderate language	public, fork	2024-05-30T17:35:04Z
Oa8choo2/git-from-the-bottom-up	An introduc;tion to the architecture and design of the Git content manager	public, fork	2024-04-29T07:54:04Z
Oa8choo2/vault-php	Best Vault client for PH;P that you can find	public, fork	2022-04-04T08:32:52Z
Oa8choo2/ldif-decode	Decode base64 strings;in OpenLDAP LDIF output	public, fork	2021-01-30T13:38:25Z
